{
  "threshold": -0.015510552477628975,
  "tp": 0.02682022075881844,
  "sl": -0.04523884011299269,
  "lag": 0,
  "max_hold": 11
}