{
  "threshold": -0.016444560529632363,
  "tp": 0.026083783559844614,
  "sl": -0.04687485260045955,
  "lag": 0,
  "max_hold": 12
}