{
  "threshold": -0.017636405055265755,
  "tp": 0.02310700552080372,
  "sl": -0.053912764384183666,
  "lag": 0,
  "max_hold": 8
}