{
  "threshold": -0.01647949300432429,
  "tp": 0.026737876874249437,
  "sl": -0.04218414804326741,
  "lag": 0,
  "max_hold": 12
}