{
  "threshold": -0.017841772484351058,
  "tp": 0.02150216140300221,
  "sl": -0.05063784364175781,
  "lag": 0,
  "max_hold": 15
}